Card Number,Player Name,Set Name,Set Year,
1,Hank Aaron,Bazooka,1959,
2,Richie Ashburn,Bazooka,1959,
3,Ernie Banks,Bazooka,1959,
4,Ken Boyer,Bazooka,1959,
5,Orlando Cepeda,Bazooka,1959,
6,Bob Cerv,Bazooka,1959,
7,Rocky Colavito,Bazooka,1959,
8,Del Crandall,Bazooka,1959,
9,Jim Davenport,Bazooka,1959,
10,Don Drysdale,Bazooka,1959,
11,Nellie Fox,Bazooka,1959,
12,Jackie Jensen,Bazooka,1959,
13,Harvey Kuenn,Bazooka,1959,
14,Mickey Mantle,Bazooka,1959,
15,Willie Mays,Bazooka,1959,
16,Bill Mazeroski,Bazooka,1959,
17,Roy McMillan,Bazooka,1959,
18,Billy Pierce,Bazooka,1959,
19,Roy Sievers,Bazooka,1959,
20,Duke Snider,Bazooka,1959,
21,Gus Triandos,Bazooka,1959,
22,Bob Turley,Bazooka,1959,
23,Vic Wertz,Bazooka,1959,
1,Ernie Banks,Bazooka,1960,
2,Bud Daley,Bazooka,1960,
3,Wally Moon,Bazooka,1960,
4,Hank Aaron,Bazooka,1960,
5,Milt Pappas,Bazooka,1960,
6,Dick Stuart,Bazooka,1960,
7,Roberto Clemente,Bazooka,1960,
8,Yogi Berra,Bazooka,1960,
9,Ken Boyer,Bazooka,1960,
10,Orlando Cepeda,Bazooka,1960,
11,Gus Triandos,Bazooka,1960,
12,Frank Malzone,Bazooka,1960,
13,Willie Mays,Bazooka,1960,
14,Camilo Pascual,Bazooka,1960,
15,Bob Cerv,Bazooka,1960,
16,Vic Power,Bazooka,1960,
17,Larry Sherry,Bazooka,1960,
18,Al Kaline,Bazooka,1960,
19,Warren Spahn,Bazooka,1960,
20,Harmon Killebrew,Bazooka,1960,
21,Jackie Jensen,Bazooka,1960,
22,Luis Aparicio,Bazooka,1960,
23,Gil Hodges,Bazooka,1960,
24,Richie Ashburn,Bazooka,1960,
25,Nellie Fox,Bazooka,1960,
26,Robin Roberts,Bazooka,1960,
27,Joe Cunningham,Bazooka,1960,
28,Early Wynn,Bazooka,1960,
29,Frank Robinson,Bazooka,1960,
30,Rocky Colavito,Bazooka,1960,
31,Mickey Mantle,Bazooka,1960,
32,Glen Hobbie,Bazooka,1960,
33,Roy McMillan,Bazooka,1960,
34,Harvey Kuenn,Bazooka,1960,
35,Johnny Antonelli,Bazooka,1960,
36,Del Crandall,Bazooka,1960,
1,Art Mahaffey,Bazooka,1961,
2,Mickey Mantle,Bazooka,1961,
3,Ron Santo,Bazooka,1961,
4,Bud Daley,Bazooka,1961,
5,Roger Maris,Bazooka,1961,
6,Eddie Yost,Bazooka,1961,
7,Minnie Minoso,Bazooka,1961,
8,Dick Groat,Bazooka,1961,
9,Frank Malzone,Bazooka,1961,
10,Dick Donovan,Bazooka,1961,
11,Eddie Mathews,Bazooka,1961,
12,Jim Lemon,Bazooka,1961,
13,Chuck Estrada,Bazooka,1961,
14,Ken Boyer,Bazooka,1961,
15,Harvey Kuenn,Bazooka,1961,
16,Ernie Broglio,Bazooka,1961,
17,Rocky Colavito,Bazooka,1961,
18,Ted Kluszewski,Bazooka,1961,
19,Ernie Banks,Bazooka,1961,
20,Al Kaline,Bazooka,1961,
21,Ed Bailey,Bazooka,1961,
22,Jim Perry,Bazooka,1961,
23,Willie Mays,Bazooka,1961,
24,Bill Mazeroski,Bazooka,1961,
25,Gus Triandos,Bazooka,1961,
26,Don Drysdale,Bazooka,1961,
27,Pancho Herrera,Bazooka,1961,
28,Earl Battey,Bazooka,1961,
29,Warren Spahn,Bazooka,1961,
30,Gene Woodling,Bazooka,1961,
31,Frank Robinson,Bazooka,1961,
32,Pete Runnels,Bazooka,1961,
33,Woodie Held,Bazooka,1961,
34,Norm Larker,Bazooka,1961,
35,Luis Aparicio,Bazooka,1961,
36,Bill Tuttle,Bazooka,1961,
1,Bob Allison,Bazooka,1962,
2,Eddie Mathews,Bazooka,1962,
3,Vada Pinson,Bazooka,1962,
4,Earl Battey,Bazooka,1962,
5,Warren Spahn,Bazooka,1962,
6,Lee Thomas,Bazooka,1962,
7,Orlando Cepeda,Bazooka,1962,
8,Woodie Held,Bazooka,1962,
9,Bob Aspromonte,Bazooka,1962,
10,Dick Howser,Bazooka,1962,
11,Roberto Clemente,Bazooka,1962,
12,Al Kaline,Bazooka,1962,
13,Joey Jay,Bazooka,1962,
14,Roger Maris,Bazooka,1962,
15,Frank Howard,Bazooka,1962,
16,Sandy Koufax,Bazooka,1962,
17,Jim Gentile,Bazooka,1962,
18,Johnny Callison,Bazooka,1962,
19,Jim Landis,Bazooka,1962,
20,Ken Boyer,Bazooka,1962,
21,Chuck Schilling,Bazooka,1962,
22,Art Mahaffey,Bazooka,1962,
23,Mickey Mantle,Bazooka,1962,
24,Dick Stuart,Bazooka,1962,
25,Ken McBride,Bazooka,1962,
26,Frank Robinson,Bazooka,1962,
27,Gil Hodges,Bazooka,1962,
28,Milt Pappas,Bazooka,1962,
29,Hank Aaron,Bazooka,1962,
30,Luis Aparicio,Bazooka,1962,
31,Johnny Romano,Bazooka,1962,
32,Ernie Banks,Bazooka,1962,
33,Norm Siebern,Bazooka,1962,
34,Ron Santo,Bazooka,1962,
35,Norm Cash,Bazooka,1962,
36,Jimmy Piersall,Bazooka,1962,
37,Don Schwall,Bazooka,1962,
38,Willie Mays,Bazooka,1962,
39,Norm Larker,Bazooka,1962,
40,Bill White,Bazooka,1962,
41,Whitey Ford,Bazooka,1962,
42,Rocky Colavito,Bazooka,1962,
43,Don Zimmer,Bazooka,1962,
44,Harmon Killebrew,Bazooka,1962,
45,Gene Woodling,Bazooka,1962,
1,Mickey Mantle,Bazooka,1963,
2,Buck Rodgers,Bazooka,1963,
3,Ernie Banks,Bazooka,1963,
4,Norm Siebern,Bazooka,1963,
5,Warren Spahn,Bazooka,1963,
6,Bill Mazeroski,Bazooka,1963,
7,Harmon Killebrew,Bazooka,1963,
8,Doc Farrell,Bazooka,1963,
9,Hank Aaron,Bazooka,1963,
10,Dick Donovan,Bazooka,1963,
11,Jim Gentile,Bazooka,1963,
12,Willie Mays,Bazooka,1963,
13,Carlos Pascual,Bazooka,1963,
14,Roberto Clemente,Bazooka,1963,
15,Johnny Callison,Bazooka,1963,
16,Carl Yastrzemski,Bazooka,1963,
17,Don Drysdale,Bazooka,1963,
18,Johnny Romano,Bazooka,1963,
19,Al Jackson,Bazooka,1963,
20,Ralph Terry,Bazooka,1963,
21,Bill Monbouquette,Bazooka,1963,
22,Orlando Cepeda,Bazooka,1963,
23,Stan Musial,Bazooka,1963,
24,Floyd Robinson,Bazooka,1963,
25,Chuck Hinton,Bazooka,1963,
26,Bob Purkey,Bazooka,1963,
27,Ken Hubbs,Bazooka,1963,
28,Bill White,Bazooka,1963,
29,Ray Herbert,Bazooka,1963,
30,Brooks Robinson,Bazooka,1963,
31,Fred Robinson,Bazooka,1963,
32,Lefty Thomas,Bazooka,1963,
33,Rocky Colavito,Bazooka,1963,
34,Al Kaline,Bazooka,1963,
35,Art Mahaffey,Bazooka,1963,
36,Tod Davis,Bazooka,1963,
1,Mickey Mantle,Bazooka,1964,
2,Dick Groat,Bazooka,1964,
3,Steve Barber,Bazooka,1964,
4,Ken McBride,Bazooka,1964,
5,Warren Spahn,Bazooka,1964,
6,Bob Friend,Bazooka,1964,
7,Harmon Killebrew,Bazooka,1964,
8,Turk Farrell,Bazooka,1964,
9,Hank Aaron,Bazooka,1964,
10,Rich Rollins,Bazooka,1964,
11,Jim Gentile,Bazooka,1964,
12,Willie Mays,Bazooka,1964,
13,Carlos Pascual,Bazooka,1964,
14,Roberto Clemente,Bazooka,1964,
15,Johnny Callison,Bazooka,1964,
16,Carl Yastrzemski,Bazooka,1964,
17,Billy Williams,Bazooka,1964,
18,Johnny Romano,Bazooka,1964,
19,Jim Maloney,Bazooka,1964,
20,Norm Cash,Bazooka,1964,
21,Willie McCovey,Bazooka,1964,
22,Jim Fregosi,Bazooka,1964,
23,George Altman,Bazooka,1964,
24,Floyd Robinson,Bazooka,1964,
25,Chuck Hinton,Bazooka,1964,
26,Ron Hunt,Bazooka,1964,
27,Gary Peters,Bazooka,1964,
28,Dick Ellsworth,Bazooka,1964,
29,Elston Howard,Bazooka,1964,
30,Brooks Robinson,Bazooka,1964,
31,Fred Robinson,Bazooka,1964,
32,Sandy Koufax,Bazooka,1964,
33,Rocky Colavito,Bazooka,1964,
34,Al Kaline,Bazooka,1964,
35,Ken Boyer,Bazooka,1964,
36,Tod Davis,Bazooka,1964,
1,Mickey Mantle,Bazooka,1965,
2,Larry Jackson,Bazooka,1965,
3,Chuck Hinton,Bazooka,1965,
4,Tony Oliva,Bazooka,1965,
5,Dean Chance,Bazooka,1965,
6,Jim O'Toole,Bazooka,1965,
7,Harmon Killebrew,Bazooka,1965,
8,Pete Ward,Bazooka,1965,
9,Hank Aaron,Bazooka,1965,
10,Dick Radatz,Bazooka,1965,
11,Boog Powell,Bazooka,1965,
12,Willie Mays,Bazooka,1965,
13,Bob Veale,Bazooka,1965,
14,Roberto Clemente,Bazooka,1965,
15,Johnny Callison,Bazooka,1965,
16,Joe Torre,Bazooka,1965,
17,Billy Williams,Bazooka,1965,
18,Bob Chance,Bazooka,1965,
19,Bob Aspromonte,Bazooka,1965,
20,Joe Christopher,Bazooka,1965,
21,Jim Bunning,Bazooka,1965,
22,Jim Fregosi,Bazooka,1965,
23,Bob Gibson,Bazooka,1965,
24,Juan Marichal,Bazooka,1965,
25,Dave Wickersham,Bazooka,1965,
26,Ron Hunt,Bazooka,1965,
27,Gary Peters,Bazooka,1965,
28,Ron Santo,Bazooka,1965,
29,Elston Howard,Bazooka,1965,
30,Brooks Robinson,Bazooka,1965,
31,Fred Robinson,Bazooka,1965,
32,Sandy Koufax,Bazooka,1965,
33,Rocky Colavito,Bazooka,1965,
34,Al Kaline,Bazooka,1965,
35,Ken Boyer,Bazooka,1965,
36,Tod Davis,Bazooka,1965,
1,Sandy Koufax,Bazooka,1966,
2,Willie Horton,Bazooka,1966,
3,Frank Howard,Bazooka,1966,
4,Dick Allen,Bazooka,1966,
5,Mel Stottlemyre,Bazooka,1966,
6,Tony Conigliaro,Bazooka,1966,
7,Mickey Mantle,Bazooka,1966,
8,Leon Wagner,Bazooka,1966,
9,Ed Kranepool,Bazooka,1966,
10,Juan Marichal,Bazooka,1966,
11,Harmon Killebrew,Bazooka,1966,
12,Johnny Callison,Bazooka,1966,
13,Roy McMillan,Bazooka,1966,
14,Willie McCovey,Bazooka,1966,
15,Rocky Colavito,Bazooka,1966,
16,Willie Mays,Bazooka,1966,
17,Sam McDowell,Bazooka,1966,
18,Vern Law,Bazooka,1966,
19,Jim Fregosi,Bazooka,1966,
20,Ron Fairly,Bazooka,1966,
21,Bob Gibson,Bazooka,1966,
22,Carl Yastrzemski,Bazooka,1966,
23,Bill White,Bazooka,1966,
24,Bob Aspromonte,Bazooka,1966,
25,Dean Chance,Bazooka,1966,
26,Roberto Clemente,Bazooka,1966,
27,Tony Cloninger,Bazooka,1966,
28,Curt Blefary,Bazooka,1966,
29,Milt Pappas,Bazooka,1966,
30,Hank Aaron,Bazooka,1966,
31,Jim Bunning,Bazooka,1966,
32,Frank Robinson,Bazooka,1966,
33,Bill Skowron,Bazooka,1966,
34,Brooks Robinson,Bazooka,1966,
35,Jimmy Wynn,Bazooka,1966,
36,Joe Torre,Bazooka,1966,
37,Mudcat Grant,Bazooka,1966,
38,Pete Rose,Bazooka,1966,
39,Ron Santo,Bazooka,1966,
40,Tom Tresh,Bazooka,1966,
41,Tony Oliva,Bazooka,1966,
42,Don Drysdale,Bazooka,1966,
43,Pete Richert,Bazooka,1966,
44,Bert Campaneris,Bazooka,1966,
45,Jim Maloney,Bazooka,1966,
46,Al Kaline,Bazooka,1966,
47,Eddie Fisher,Bazooka,1966,
48,Billy Williams,Bazooka,1966,
1,Rick Reichardt,Bazooka,1967,
2,Tommie Agee,Bazooka,1967,
3,Frank Howard,Bazooka,1967,
4,Dick Allen,Bazooka,1967,
5,Mel Stottlemyre,Bazooka,1967,
6,Tony Conigliaro,Bazooka,1967,
7,Mickey Mantle,Bazooka,1967,
8,Leon Wagner,Bazooka,1967,
9,Gary Peters,Bazooka,1967,
10,Juan Marichal,Bazooka,1967,
11,Harmon Killebrew,Bazooka,1967,
12,Johnny Callison,Bazooka,1967,
13,Denny McLain,Bazooka,1967,
14,Willie McCovey,Bazooka,1967,
15,Rocky Colavito,Bazooka,1967,
16,Willie Mays,Bazooka,1967,
17,Sam McDowell,Bazooka,1967,
18,Jim Kaat,Bazooka,1967,
19,Jim Fregosi,Bazooka,1967,
20,Ron Fairly,Bazooka,1967,
21,Bob Gibson,Bazooka,1967,
22,Carl Yastrzemski,Bazooka,1967,
23,Bill White,Bazooka,1967,
24,Bob Aspromonte,Bazooka,1967,
25,Dean Chance,Bazooka,1967,
26,Roberto Clemente,Bazooka,1967,
27,Tony Cloninger,Bazooka,1967,
28,Curt Blefary,Bazooka,1967,
29,Phil Regan,Bazooka,1967,
30,Hank Aaron,Bazooka,1967,
31,Jim Bunning,Bazooka,1967,
32,Frank Robinson,Bazooka,1967,
33,Ken Boyer,Bazooka,1967,
34,Brooks Robinson,Bazooka,1967,
35,Jimmy Wynn,Bazooka,1967,
36,Joe Torre,Bazooka,1967,
37,Tommy Davis,Bazooka,1967,
38,Pete Rose,Bazooka,1967,
39,Ron Santo,Bazooka,1967,
40,Tom Tresh,Bazooka,1967,
41,Tony Oliva,Bazooka,1967,
42,Don Drysdale,Bazooka,1967,
43,Pete Richert,Bazooka,1967,
44,Bert Campaneris,Bazooka,1967,
45,Jim Maloney,Bazooka,1967,
46,Al Kaline,Bazooka,1967,
47,Matty Alou,Bazooka,1967,
48,Billy Williams,Bazooka,1967,
NULL,Hank Aaron,Bazooka,1968,
NULL,Tommie Agee,Bazooka,1968,
NULL,Tommie Agee,Bazooka,1968,
NULL,Richie Allen,Bazooka,1968,
NULL,Matty Alou,Bazooka,1968,
NULL,Max Alvis,Bazooka,1968,
NULL,Joe Azcue,Bazooka,1968,
NULL,Clete Boyer,Bazooka,1968,
NULL,Jim Bunning,Bazooka,1968,
NULL,Rod Carew,Bazooka,1968,
NULL,Paul Casanova,Bazooka,1968,
NULL,Dean Chance,Bazooka,1968,
NULL,Roberto Clemente,Bazooka,1968,
NULL,Tony Conigliaro,Bazooka,1968,
NULL,Tommy Davis,Bazooka,1968,
1,Tim McCarver,Bazooka,1971,
2,Frank Robinson,Bazooka,1971,
3,Bill Mazeroski,Bazooka,1971,
4,Willie McCovey,Bazooka,1971,
5,Carl Yastrzemski,Bazooka,1971,
6,Clyde Wright,Bazooka,1971,
7,Jim Merritt,Bazooka,1971,
8,Luis Aparicio,Bazooka,1971,
9,Bobby Murcer,Bazooka,1971,
10,Rico Petrocelli,Bazooka,1971,
11,Sam McDowell,Bazooka,1971,
12,Cito Gaston,Bazooka,1971,
13,Fergie Jenkins,Bazooka,1971,
14,Al Kaline,Bazooka,1971,
15,Ken Harrelson,Bazooka,1971,
16,Tommie Agee,Bazooka,1971,
17,Harmon Killebrew,Bazooka,1971,
18,Reggie Jackson,Bazooka,1971,
19,Juan Marichal,Bazooka,1971,
20,Frank Howard,Bazooka,1971,
21,Bill Melton,Bazooka,1971,
22,Brooks Robinson,Bazooka,1971,
23,Hank Aaron,Bazooka,1971,
24,Larry Dierker,Bazooka,1971,
25,Jim Fregosi,Bazooka,1971,
26,Billy Williams,Bazooka,1971,
27,Dave McNally,Bazooka,1971,
28,Rico Carty,Bazooka,1971,
29,Johnny Bench,Bazooka,1971,
30,Tommy Harper,Bazooka,1971,
31,Bert Campaneris,Bazooka,1971,
32,Pete Rose,Bazooka,1971,
33,Orlando Cepeda,Bazooka,1971,
34,Maury Wills,Bazooka,1971,
35,Tom Seaver,Bazooka,1971,
36,Tony Oliva,Bazooka,1971,
37,Bill Freehan,Bazooka,1971,
38,Roberto Clemente,Bazooka,1971,
39,Claude Osteen,Bazooka,1971,
40,Rusty Staub,Bazooka,1971,
41,Bob Gibson,Bazooka,1971,
42,Amos Otis,Bazooka,1971,
43,Jimmy Wynn,Bazooka,1971,
44,Dick Allen,Bazooka,1971,
45,Tony Conigliaro,Bazooka,1971,
46,Randy Hundley,Bazooka,1971,
47,Willie Mays,Bazooka,1971,
48,Jim Hunter,Bazooka,1971,
1,George Bell,Bazooka,1988,
2,Wade Boggs,Bazooka,1988,
3,Jose Canseco,Bazooka,1988,
4,Roger Clemens,Bazooka,1988,
5,Vince Coleman,Bazooka,1988,
6,Eric Davis,Bazooka,1988,
7,Tony Fernandez,Bazooka,1988,
8,Dwight Gooden,Bazooka,1988,
9,Tony Gwynn,Bazooka,1988,
10,Wally Joyner,Bazooka,1988,
11,Don Mattingly,Bazooka,1988,
12,Willie McGee,Bazooka,1988,
13,Mark McGwire,Bazooka,1988,
14,Kirby Puckett,Bazooka,1988,
15,Tim Raines,Bazooka,1988,
16,Dave Righetti,Bazooka,1988,
17,"Cal Ripken, Jr.",Bazooka,1988,
18,Juan Samuel,Bazooka,1988,
19,Ryne Sandberg,Bazooka,1988,
20,Benito Santiago,Bazooka,1988,
21,Darryl Strawberry,Bazooka,1988,
22,Todd Worrell,Bazooka,1988,
1,Tim Belcher,Bazooka,1989,
2,Damon Berryhill,Bazooka,1989,
3,Wade Boggs,Bazooka,1989,
4,Jay Buhner,Bazooka,1989,
5,Jose Canseco,Bazooka,1989,
6,Vince Coleman,Bazooka,1989,
7,Cecil Espy,Bazooka,1989,
8,Dave Gallagher,Bazooka,1989,
9,Ron Gant,Bazooka,1989,
10,Kirk Gibson,Bazooka,1989,
11,Paul Gibson,Bazooka,1989,
12,Mark Grace,Bazooka,1989,
13,Tony Gwynn,Bazooka,1989,
14,Rickey Henderson,Bazooka,1989,
15,Orel Hershiser,Bazooka,1989,
16,Gregg Jefferies,Bazooka,1989,
17,Ricky Jordan,Bazooka,1989,
18,Chris Sabo,Bazooka,1989,
19,Gary Sheffield,Bazooka,1989,
20,Darryl Strawberry,Bazooka,1989,
21,Frank Viola,Bazooka,1989,
22,Walt Weiss,Bazooka,1989,
1,Kevin Mitchell,Bazooka,1990,
2,Robin Yount,Bazooka,1990,
3,Mark Davis,Bazooka,1990,
4,Bret Saberhagen,Bazooka,1990,
5,Fred McGriff,Bazooka,1990,
6,Tony Gwynn,Bazooka,1990,
7,Kirby Puckett,Bazooka,1990,
8,Vince Coleman,Bazooka,1990,
9,Rickey Henderson,Bazooka,1990,
10,Ben McDonald,Bazooka,1990,
11,Gregg Olson,Bazooka,1990,
12,Todd Zeile,Bazooka,1990,
13,Carmelo Martinez,Bazooka,1990,
14,Gregg Jefferies,Bazooka,1990,
15,Craig Worthington,Bazooka,1990,
16,Gary Sheffield,Bazooka,1990,
17,Greg Briley,Bazooka,1990,
18,"Ken Griffey, Jr.",Bazooka,1990,
19,Jerome Walton,Bazooka,1990,
20,Bob Geren,Bazooka,1990,
21,Tom Gordon,Bazooka,1990,
22,Jim Abbott,Bazooka,1990,
1,Barry Bonds,Bazooka,1991,
2,Rickey Henderson,Bazooka,1991,
3,Bob Welch,Bazooka,1991,
4,Doug Drabek,Bazooka,1991,
5,Alex Fernandez,Bazooka,1991,
6,Jose Offerman,Bazooka,1991,
7,Frank Thomas,Bazooka,1991,
8,Cecil Fielder,Bazooka,1991,
9,Ryne Sandberg,Bazooka,1991,
10,George Brett,Bazooka,1991,
11,Willie McGee,Bazooka,1991,
12,Vince Coleman,Bazooka,1991,
13,Hal Morris,Bazooka,1991,
14,Delino DeShields,Bazooka,1991,
15,Robin Ventura,Bazooka,1991,
16,Jeff Huson,Bazooka,1991,
17,Felix Jose,Bazooka,1991,
18,David Justice,Bazooka,1991,
19,Larry Walker,Bazooka,1991,
20,"Sandy Alomar, Jr.",Bazooka,1991,
21,Kevin Appier,Bazooka,1991,
22,Scott Radinsky,Bazooka,1991,